feature,iv
EXT_SOURCE_MEAN,0.6112912427599938
EXT_SOURCE_2_x_3,0.6056571388509198
EXT_SOURCE_1_x_2,0.5114193392813235
EXT_SOURCE_MEAN_x_AGE,0.48754114486418365
EXT_SOURCE_MIN,0.4619214665939523
EXT_SOURCE_MAX,0.4505297444102442
EXT_SOURCE_3,0.40676031806502866
EXT_SOURCE_1,0.3507629245668709
EXT_SOURCE_2,0.30831568173799506
CC_CC_UTILIZATION_MEAN,0.2191179436771273
CC_CNT_DRAWINGS_CURRENT_MEAN,0.1992978071954575
BUREAU_BUREAU_CREDIT_DEBT_RATIO_MAX,0.17082916736617373
BUREAU_BUREAU_CREDIT_DEBT_RATIO_MEAN,0.15792117386366364
CC_CC_UTILIZATION_MAX,0.15743500338580288
CC_CNT_DRAWINGS_CURRENT_MAX,0.15727339866245313
CC_AMT_DRAWINGS_CURRENT_MEAN,0.1562448396086335
CC_CNT_DRAWINGS_ATM_CURRENT_MEAN,0.15102790387356835
CREDIT_ANNUITY_RATIO,0.14270450933621665
CC_AMT_BALANCE_MEAN,0.1426714514173259
CC_AMT_RECIVABLE_MEAN,0.14026712020253349
CC_AMT_TOTAL_RECEIVABLE_MEAN,0.14023050152089617
CC_AMT_RECEIVABLE_PRINCIPAL_MEAN,0.13986830766018982
BUREAU_DAYS_CREDIT_MEAN,0.12837960750592656
BUREAU_BUREAU_CREDIT_DEBT_RATIO_SUM,0.1268814519613116
BUREAU_BB_MONTHS_COUNT_MEAN,0.1122487599043108
CC_AMT_INST_MIN_REGULARITY_MEAN,0.10989150766162457
CC_CNT_INSTALMENT_MATURE_CUM_MEAN,0.0975988505440756
DAYS_EMPLOYED,0.0946476820628594
EMPLOYED_YEARS,0.09461063277635898
BUREAU_BUREAU_IS_ACTIVE_MEAN,0.09238065772530762
AMT_GOODS_PRICE,0.09205819371586851
BUREAU_DAYS_CREDIT_UPDATE_MEAN,0.09065873240325104
CC_AMT_DRAWINGS_ATM_CURRENT_MEAN,0.08830621714250678
BUREAU_DAYS_CREDIT_MAX,0.08702257276172651
AGE_YEARS,0.08621917954266528
DAYS_BIRTH,0.0861955608526051
BUREAU_DAYS_CREDIT_ENDDATE_SUM,0.07798661891312697
BUREAU_BB_MONTHS_COUNT_MIN,0.07563457960320422
CC_AMT_BALANCE_MAX,0.07509500136961088
CC_AMT_TOTAL_RECEIVABLE_MAX,0.07374530370306481
CC_AMT_PAYMENT_TOTAL_CURRENT_MEAN,0.07371088668972052
CC_AMT_RECIVABLE_MAX,0.07352656259804682
CC_AMT_RECEIVABLE_PRINCIPAL_MAX,0.07297465901582237
CREDIT_GOODS_RATIO,0.0728757557995029
BUREAU_DAYS_CREDIT_MIN,0.07232429756812869
BUREAU_DAYS_CREDIT_ENDDATE_MEAN,0.07221023096161824
CC_AMT_INST_MIN_REGULARITY_MAX,0.07189946635045356
CC_CNT_INSTALMENT_MATURE_CUM_MAX,0.0698707268175533
EMPLOYED_TO_AGE_RATIO,0.06984347948066595
PREV_PREV_CREDIT_APP_RATIO_MEAN,0.06875577491005855
PREV_REFUSED_RATE,0.06849372085435632
PREV_PREV_IS_REFUSED_MEAN,0.06849372085435632
CC_AMT_DRAWINGS_CURRENT_MAX,0.06755604967958348
BUREAU_BB_MONTHS_COUNT_MAX,0.06750756997168715
CC_CNT_DRAWINGS_POS_CURRENT_MEAN,0.06242666240960126
PREV_PREV_IS_APPROVED_MEAN,0.06023407070294251
INST_INST_LATE_FLAG_MEAN,0.05956993745629932
INST_LATE_FLAG_MEAN,0.05956993745629932
BUREAU_AMT_CREDIT_SUM_DEBT_MEAN,0.05606933702284057
CC_CNT_DRAWINGS_POS_CURRENT_MAX,0.05453985410645383
BUREAU_DAYS_CREDIT_UPDATE_MIN,0.05331894356661805
PREV_PREV_CREDIT_APP_RATIO_MAX,0.05311463915678276
BUREAU_DAYS_ENDDATE_FACT_SUM,0.05254025528776363
CC_MONTHS_BALANCE_MEAN,0.05251313623078909
OWN_CAR_AGE,0.05225827679088658
REGION_RATING_CLIENT_W_CITY,0.051989232760423346
BUREAU_BB_DPD_RATE_MAX,0.051735048526303826
CC_RECORD_COUNT,0.051667045901504914
BUREAU_AMT_CREDIT_SUM_LIMIT_MAX,0.051503410455128955
BUREAU_DAYS_CREDIT_ENDDATE_MIN,0.050137391970304375
BUREAU_DAYS_ENDDATE_FACT_MEAN,0.04893728918713409
REGION_RATING_CLIENT,0.048234616365475436
BUREAU_ACTIVE_COUNT,0.046780325719730294
BUREAU_BUREAU_IS_ACTIVE_SUM,0.046780325719730294
INST_INST_SHORTFALL_FLAG_MEAN,0.04670594730032234
INST_SHORTFALL_FLAG_MEAN,0.04670594730032234
BUREAU_BB_DPD_RATE_MEAN,0.046673192964730464
BUREAU_AMT_CREDIT_SUM_DEBT_MAX,0.04623836422937239
PREV_DAYS_LAST_DUE_1ST_VERSION_SUM,0.04621792194608462
BUREAU_DAYS_CREDIT_UPDATE_SUM,0.04603811614322316
BUREAU_AMT_CREDIT_SUM_LIMIT_MEAN,0.045479616812975965
CC_CNT_DRAWINGS_ATM_CURRENT_MAX,0.04536124066960848
PREV_PREV_IS_REFUSED_SUM,0.04530881392022215
PREV_REFUSED_COUNT,0.04530881392022215
INST_INST_SHORTFALL_MEAN,0.04515680501774083
PREV_AMT_DOWN_PAYMENT_MAX,0.045102782652861245
AMT_CREDIT,0.045048437398741675
PREV_AMT_DOWN_PAYMENT_SUM,0.04491905617465015
DAYS_LAST_PHONE_CHANGE,0.04467860370284287
BUREAU_DAYS_CREDIT_ENDDATE_MAX,0.044541743430206705
BUREAU_AMT_CREDIT_SUM_DEBT_SUM,0.04380050265315975
BUREAU_DAYS_CREDIT_UPDATE_MAX,0.043602663795814095
BUREAU_DAYS_ENDDATE_FACT_MIN,0.043159158586398884
PREV_PREV_IS_REFUSED_MAX,0.04192700387810183
INST_DAYS_ENTRY_PAYMENT_MEAN,0.04174883662496445
BUREAU_AMT_CREDIT_SUM_LIMIT_SUM,0.04163303701113777
BUREAU_DAYS_CREDIT_SUM,0.041106593379107936
INST_DAYS_INSTALMENT_MEAN,0.04073606068740156
PREV_DAYS_DECISION_MEAN,0.04059529071594793
PREV_PREV_CREDIT_APP_RATIO_MIN,0.039377968769949215
INST_INST_SHORTFALL_SUM,0.038431960857807805
PREV_DAYS_FIRST_DUE_MIN,0.03780280010266623
CC_AMT_PAYMENT_CURRENT_MAX,0.037790427516736017
DAYS_ID_PUBLISH,0.0372389508183606
PREV_AMT_DOWN_PAYMENT_MEAN,0.037217284450342406
PREV_DAYS_DECISION_MIN,0.03684711745072562
PREV_DAYS_LAST_DUE_1ST_VERSION_MIN,0.03623793494633438
INST_INST_DAYS_LATE_MAX,0.035974164432872865
PREV_DAYS_LAST_DUE_MIN,0.03562636501272162
CC_AMT_DRAWINGS_POS_CURRENT_MEAN,0.035587786125388605
REGION_POPULATION_RELATIVE,0.034794927768729625
PREV_DAYS_TERMINATION_MIN,0.03465416868772577
BUREAU_AMT_CREDIT_MAX_OVERDUE_MEAN,0.034555170185932314
PREV_RATE_DOWN_PAYMENT_MAX,0.03288575588120719
INST_AMT_INSTALMENT_MAX,0.03278223161772062
ANOM_DAYS_EMPLOYED,0.03272360881618238
FLAG_EMP_PHONE,0.032701904006181434
PREV_RATE_DOWN_PAYMENT_SUM,0.032641445671457096
REG_CITY_NOT_WORK_CITY,0.032574940133415775
INST_AMT_PAYMENT_MAX,0.03255434592909605
FLOORSMAX_MEDI,0.03227344877657261
FLOORSMAX_AVG,0.03214332646587282
CC_AMT_DRAWINGS_POS_CURRENT_MAX,0.03128783502072712
INST_INST_DAYS_LATE_SUM,0.031197344995214156
PREV_DAYS_LAST_DUE_1ST_VERSION_MEAN,0.031169070328852383
BUREAU_AMT_CREDIT_MAX_OVERDUE_MAX,0.03115630723424768
PREV_DAYS_FIRST_DUE_SUM,0.03104662426599802
INST_INST_LATE_FLAG_MAX,0.030997493286894676
FLOORSMAX_MODE,0.03081681672165095
BUREAU_BUREAU_CREDIT_DEBT_RATIO_MIN,0.030563140773744904
EXT_SOURCE_STD,0.030148508469378384
PREV_DAYS_FIRST_DUE_MEAN,0.02904767394590204
FLAG_DOCUMENT_3,0.028944287332599634
INST_AMT_PAYMENT_SUM,0.028782171585353233
INST_INST_SHORTFALL_MAX,0.028116623191281893
BUREAU_AMT_ANNUITY_MEAN,0.02807354964397043
DAYS_REGISTRATION,0.028007828025428817
INST_INST_SHORTFALL_FLAG_MAX,0.027849667623121948
INST_INST_LATE_FLAG_SUM,0.0276445500870621
INST_AMT_PAYMENT_MEAN,0.027590930213858694
PREV_DAYS_FIRST_DRAWING_SUM,0.027545129523841205
INST_DAYS_ENTRY_PAYMENT_SUM,0.02733022164497985
PREV_DAYS_LAST_DUE_MEAN,0.027040931838596315
INST_DAYS_INSTALMENT_SUM,0.026919066425904487
BUREAU_AMT_CREDIT_SUM_DEBT_MIN,0.026874078722480578
POS_MONTHS_BALANCE_MEAN,0.026467879882304785
AMT_ANNUITY,0.025792902305518527
POS_RECORD_COUNT,0.025594890537805545
FLOORSMIN_MEDI,0.02538507084105575
TOTALAREA_MODE,0.02528953814795412
LIVINGAREA_AVG,0.02511311413799691
INST_INST_DAYS_LATE_MEAN,0.02510736274147657
PREV_DAYS_TERMINATION_MEAN,0.024749446602651503
PREV_DAYS_LAST_DUE_SUM,0.02469663103534229
BUREAU_BUREAU_IS_ACTIVE_MIN,0.024651174782577102
FLOORSMIN_MODE,0.0243615244505101
LIVINGAREA_MEDI,0.024265847542163405
FLOORSMIN_AVG,0.023393886234356887
REG_CITY_NOT_LIVE_CITY,0.02336013683517137
LIVINGAREA_MODE,0.023347601113909138
CC_AMT_PAYMENT_CURRENT_MEAN,0.023266149631255846
PREV_AMT_ANNUITY_MIN,0.02314284891190934
ELEVATORS_AVG,0.02282878907148675
POS_SK_DPD_DEF_MEAN,0.022773730888291516
APARTMENTS_AVG,0.02276587688969563
INST_AMT_INSTALMENT_SUM,0.022422971859617752
INST_INST_SHORTFALL_FLAG_SUM,0.022359027414733383
PREV_DAYS_TERMINATION_SUM,0.02230605248187761
APARTMENTS_MEDI,0.02190871382348766
BUREAU_BUREAU_IS_ACTIVE_MAX,0.02176055429353121
PREV_RATE_INTEREST_PRIMARY_MEAN,0.021727008683842974
DOCUMENT_COUNT,0.021448112001344628
INST_NUM_INSTALMENT_VERSION_MEAN,0.02142786510508812
APARTMENTS_MODE,0.02122008622309386
PREV_RATE_INTEREST_PRIMARY_MIN,0.020748344141871062
PREV_RATE_DOWN_PAYMENT_MEAN,0.02030053235554659
PREV_RATE_INTEREST_PRIMARY_MAX,0.020098323218009667
PREV_SELLERPLACE_AREA_MEAN,0.020043784846225883
PREV_CNT_PAYMENT_MAX,0.02003380285502985
CC_AMT_PAYMENT_TOTAL_CURRENT_MAX,0.01998004033300476
PREV_AMT_ANNUITY_MEAN,0.019925953523305333
BUREAU_AMT_CREDIT_MAX_OVERDUE_SUM,0.019698347192352292
INST_AMT_INSTALMENT_MEAN,0.01945274272146619
PREV_DAYS_FIRST_DRAWING_MEAN,0.01924072294782512
INST_NUM_INSTALMENT_VERSION_SUM,0.01893396875104955
POS_SK_DPD_DEF_MAX,0.018608520144941458
PREV_CNT_PAYMENT_MEAN,0.018390698431193626
PREV_PREV_ANNUITY_CREDIT_RATIO_MAX,0.018303468479236445
PREV_HOUR_APPR_PROCESS_START_MEAN,0.018267428108989316
PREV_HOUR_APPR_PROCESS_START_MIN,0.018042672565829157
ELEVATORS_MEDI,0.018019069527539473
PREV_PREV_IS_APPROVED_MIN,0.017428078570376433
CONTACT_FLAG_COUNT,0.017004832638611064
LIVINGAPARTMENTS_MEDI,0.01683545252374863
PREV_SELLERPLACE_AREA_MAX,0.01680074469355015
LIVINGAPARTMENTS_AVG,0.016737526181038926
POS_DPD_RATE,0.016423981903666153
POS_POS_IS_DPD_MEAN,0.016423981903666153
ELEVATORS_MODE,0.016364355406018084
BUREAU_OVERDUE_COUNT,0.016135921592899102
BUREAU_BUREAU_IS_OVERDUE_SUM,0.016135921592899102
BUREAU_AMT_ANNUITY_MAX,0.01592207321900848
LIVINGAPARTMENTS_MODE,0.01536400994129538
PREV_AMT_GOODS_PRICE_MIN,0.01522322712875768
PREV_PREV_ANNUITY_CREDIT_RATIO_MIN,0.015164962333795318
COMMONAREA_AVG,0.015142005207613066
PREV_PREV_ANNUITY_CREDIT_RATIO_MEAN,0.015119826478613133
CC_AMT_DRAWINGS_ATM_CURRENT_MAX,0.015021958525953581
PREV_PREV_IS_APPROVED_SUM,0.014462908558318418
PREV_APPROVED_COUNT,0.014462908558318418
POS_CNT_INSTALMENT_FUTURE_MEAN,0.014381011261289628
PREV_RATE_INTEREST_PRIVILEGED_MIN,0.01436548256821343
PREV_SELLERPLACE_AREA_SUM,0.014257931979113219
DEF_30_CNT_SOCIAL_CIRCLE,0.014004862075637885
BUREAU_BB_DPD_RATE_SUM,0.01390839180345132
PREV_AMT_ANNUITY_MAX,0.013850394214480071
POS_SK_DPD_MEAN,0.013827831725329755
PREV_AMT_APPLICATION_MEAN,0.013809933494980796
BUREAU_AMT_CREDIT_SUM_MEAN,0.013676893366161595
LIVE_CITY_NOT_WORK_CITY,0.013667791040191236
PREV_CNT_PAYMENT_SUM,0.01354755768634716
BUREAU_AMT_ANNUITY_MIN,0.01340693374265513
PREV_RATE_INTEREST_PRIVILEGED_MEAN,0.013348299884326714
COMMONAREA_MEDI,0.01334424146368688
POS_POS_IS_DPD_MAX,0.013277525076149661
DEF_60_CNT_SOCIAL_CIRCLE,0.013198903067662358
YEARS_BUILD_MODE,0.013033285481074772
YEARS_BEGINEXPLUATATION_MODE,0.012955097605982041
YEARS_BEGINEXPLUATATION_MEDI,0.012874394405347999
BUREAU_AMT_CREDIT_SUM_MAX,0.012646590670047588
PREV_AMT_GOODS_PRICE_MAX,0.012642866349896269
YEARS_BEGINEXPLUATATION_AVG,0.01261542308177862
POS_CNT_INSTALMENT_MEAN,0.012354975212392004
BUREAU_BUREAU_IS_OVERDUE_MAX,0.012312941842109338
PREV_HOUR_APPR_PROCESS_START_MAX,0.012259212326568448
PREV_RATE_INTEREST_PRIVILEGED_MAX,0.012247734516691547
INST_DAYS_ENTRY_PAYMENT_MAX,0.012244114407418683
AMT_INCOME_TOTAL,0.012211693486927286
YEARS_BUILD_MEDI,0.01220089503456134
PREV_AMT_APPLICATION_MAX,0.012066643474625013
FLAG_DOCUMENT_6,0.012037284408091308
EXT_SOURCE_NULL_COUNT,0.011909875476445151
YEARS_BUILD_AVG,0.011836669624312714
PREV_AMT_CREDIT_MAX,0.011454583263530299
CC_SK_DPD_MEAN,0.011438615218784146
PREV_DAYS_LAST_DUE_1ST_VERSION_MAX,0.011196460486866093
CC_MONTHS_BALANCE_MAX,0.011194288836175419
ENTRANCES_AVG,0.011046266105097947
PREV_AMT_APPLICATION_MIN,0.010878645196444959
PREV_AMT_DOWN_PAYMENT_MIN,0.010794902215522253
HOUR_APPR_PROCESS_START,0.010725743775155255
PREV_AMT_CREDIT_MIN,0.01062517832076421
PREV_DAYS_DECISION_SUM,0.010591422530826821
PREV_AMT_GOODS_PRICE_MEAN,0.010554486516087435
PREV_DAYS_DECISION_MAX,0.010528068059062066
PREV_AMT_ANNUITY_SUM,0.010408400422447717
CREDIT_INCOME_RATIO,0.010246879299592213
ENTRANCES_MEDI,0.010229034643360184
BUREAU_DAYS_ENDDATE_FACT_MAX,0.010130447638944662
FLAG_WORK_PHONE,0.01006182526421304
CC_SK_DPD_MAX,0.009961225928572811
CC_SK_DPD_DEF_MAX,0.009786650197952098
BUREAU_AMT_CREDIT_SUM_MIN,0.009740797350715022
PREV_AMT_GOODS_PRICE_SUM,0.00965500367094244
PREV_AMT_APPLICATION_SUM,0.009640210554790352
PREV_AMT_CREDIT_MEAN,0.009451978800562907
POS_CNT_INSTALMENT_MAX,0.009399768770075697
POS_CNT_INSTALMENT_FUTURE_MAX,0.009284932031689754
BASEMENTAREA_AVG,0.008968384402561503
BASEMENTAREA_MEDI,0.00872751082833807
INST_NUM_INSTALMENT_NUMBER_MEAN,0.008676099866347169
PREV_AMT_CREDIT_SUM,0.008411965824753617
INST_NUM_INSTALMENT_NUMBER_MAX,0.008403667334266998
BUREAU_AMT_CREDIT_SUM_SUM,0.00832150087220888
ENTRANCES_MODE,0.00804287247618554
FLAG_PHONE,0.007857344498879617
POS_SK_DPD_MAX,0.007285926029972921
PREV_DAYS_FIRST_DUE_MAX,0.007209236309997426
PREV_PREV_CREDIT_APP_RATIO_SUM,0.007033606384756105
COMMONAREA_MODE,0.006891680462767821
INST_COUNT,0.00683776146118495
PREV_NFLAG_LAST_APPL_IN_DAY_SUM,0.006663542531826566
BASEMENTAREA_MODE,0.006544501722016252
POS_SK_ID_PREV_MAX,0.006490570540629153
PREV_APP_COUNT,0.006460579594844924
PREV_SK_ID_PREV_SUM,0.006366899899259128
INST_SK_ID_PREV_SUM,0.006340005237702187
POS_MONTHS_BALANCE_MAX,0.0060310477325355655
INST_NUM_INSTALMENT_VERSION_MAX,0.0059826556618083285
ANNUITY_INCOME_RATIO,0.005959558122935118
CC_AMT_CREDIT_LIMIT_ACTUAL_MEAN,0.005880193264690449
AMT_REQ_CREDIT_BUREAU_QRT,0.005439152555778554
PREV_RATE_DOWN_PAYMENT_MIN,0.0050518231558606816
INST_NUM_INSTALMENT_NUMBER_SUM,0.0050475002780267005
AMT_REQ_CREDIT_BUREAU_YEAR,0.005007587957026305
PREV_HOUR_APPR_PROCESS_START_SUM,0.00481421051702347
BUREAU_AMT_ANNUITY_SUM,0.004810138341028308
LANDAREA_MODE,0.004532305715326414
PREV_PREV_ANNUITY_CREDIT_RATIO_SUM,0.004442107465720323
POS_SK_ID_PREV_MEAN,0.004252290882601732
LANDAREA_AVG,0.004230933788569551
BUREAU_BB_MONTHS_COUNT_SUM,0.004229528974182747
INST_SK_ID_PREV_MAX,0.004187311365410642
INCOME_PER_FAMILY_MEMBER,0.004134083694410718
LANDAREA_MEDI,0.004094966786252491
BUREAU_SK_ID_BUREAU_SUM,0.0038480548686185214
INST_DAYS_INSTALMENT_MAX,0.0037299936547381457
PREV_SELLERPLACE_AREA_MIN,0.003470142441898371
CNT_FAM_MEMBERS,0.0032298960901916756
NONLIVINGAREA_AVG,0.003196483843279321
CHILDREN_RATIO,0.0031312869883079815
CC_AMT_CREDIT_LIMIT_ACTUAL_MAX,0.0030572349106832613
CC_DPD_RATE,0.002993334749313938
CC_CC_IS_DPD_MEAN,0.002993334749313938
BUREAU_SK_ID_BUREAU_MEAN,0.002986906613720557
BUREAU_SK_ID_BUREAU_MAX,0.0029107345576351693
INST_SK_ID_PREV_MEAN,0.0029090649273501266
NONLIVINGAREA_MEDI,0.0026906123858533547
BUREAU_LOAN_COUNT,0.0026070590748989387
BUREAU_DISTINCT_CREDIT_TYPES,0.002556956110448239
PREV_NFLAG_INSURED_ON_APPROVAL_SUM,0.002518014532220193
BUREAU_SK_ID_BUREAU_MIN,0.0024941233907074603
PREV_DAYS_LAST_DUE_MAX,0.0024753901866648737
PREV_SK_ID_PREV_MAX,0.002471163943907883
NONLIVINGAREA_MODE,0.0024385047699541588
CC_SK_ID_PREV_MAX,0.0024347992873625093
FLAG_DOCUMENT_13,0.0023832207104611744
FLAG_DOCUMENT_16,0.002223881340553248
CC_SK_ID_PREV_MEAN,0.002209562517862916
PREV_NFLAG_INSURED_ON_APPROVAL_MIN,0.0019577517703087705
PREV_CNT_PAYMENT_MIN,0.001944404147493373
BUREAU_AMT_CREDIT_SUM_LIMIT_MIN,0.0018649448013663024
PREV_NFLAG_INSURED_ON_APPROVAL_MEAN,0.0017272362705272942
BUREAU_CNT_CREDIT_PROLONG_SUM,0.0017156918875570076
OBS_30_CNT_SOCIAL_CIRCLE,0.0016302687318130909
BUREAU_CNT_CREDIT_PROLONG_MAX,0.0015817643177034892
AMT_REQ_CREDIT_BUREAU_MON,0.001577266328677356
OBS_60_CNT_SOCIAL_CIRCLE,0.001568518687962597
FLAG_DOCUMENT_14,0.0013758184087360043
PREV_SK_ID_PREV_MEAN,0.0013372934669701217
CNT_CHILDREN,0.0012717630314135182
FLAG_DOCUMENT_8,0.0012464017920108897
NONLIVINGAPARTMENTS_AVG,0.0010405656340802504
PREV_NFLAG_INSURED_ON_APPROVAL_MAX,0.000943399550913983
NONLIVINGAPARTMENTS_MEDI,0.0008962850895009407
BUREAU_BUREAU_IS_OVERDUE_MIN,0.0008909535378909581
FLAG_DOCUMENT_15,0.0007699875670802633
AMT_REQ_CREDIT_BUREAU_DAY,0.0006746010599334543
FLAG_DOCUMENT_18,0.0006586108900802656
PREV_SK_ID_PREV_MIN,0.0006070386508580074
PREV_DAYS_TERMINATION_MAX,0.0005703893091470141
REG_REGION_NOT_WORK_REGION,0.0005035552035322735
NONLIVINGAPARTMENTS_MODE,0.00046894871274285704
FLAG_DOCUMENT_9,0.0004119622942890774
FLAG_DOCUMENT_21,0.00037688940167525094
REG_REGION_NOT_LIVE_REGION,0.00027773462198706636
PREV_NFLAG_LAST_APPL_IN_DAY_MIN,0.00027428836414386814
AMT_REQ_CREDIT_BUREAU_WEEK,0.00026183720785408795
FLAG_DOCUMENT_11,0.00026023222728482263
FLAG_DOCUMENT_2,0.00024485373224066985
FLAG_DOCUMENT_17,0.000238356480510531
BUREAU_CNT_CREDIT_PROLONG_MIN,0.00023323479063480082
PREV_PREV_IS_REFUSED_MIN,0.00019826026607623268
CC_CC_IS_DPD_MAX,0.0001843119985355561
AMT_REQ_CREDIT_BUREAU_HOUR,0.00010333436965291842
PREV_DAYS_FIRST_DRAWING_MIN,9.910240262897701e-05
CC_SK_DPD_DEF_MEAN,8.831346876419976e-05
FLAG_DOCUMENT_4,8.59013152263162e-05
FLAG_CONT_MOBILE,6.907185803156271e-05
PREV_PREV_IS_APPROVED_MAX,6.439077539902152e-05
LIVE_REGION_NOT_WORK_REGION,5.750523273023461e-05
FLAG_DOCUMENT_19,3.771376628261089e-05
FLAG_DOCUMENT_12,2.8266962847270125e-05
FLAG_MOBIL,2.8266962847270125e-05
FLAG_DOCUMENT_20,1.4957544762021728e-05
PREV_NFLAG_LAST_APPL_IN_DAY_MAX,1.4857867951228688e-05
FLAG_EMAIL,8.258843918235298e-06
FLAG_DOCUMENT_7,5.577913295381476e-06
FLAG_DOCUMENT_5,1.66558609792502e-06
FLAG_DOCUMENT_10,1.418762585891263e-06
PREV_NFLAG_LAST_APPL_IN_DAY_MEAN,0.0
PREV_RATE_INTEREST_PRIVILEGED_SUM,0.0
PREV_RATE_INTEREST_PRIMARY_SUM,0.0
PREV_DAYS_FIRST_DRAWING_MAX,0.0
BUREAU_CNT_CREDIT_PROLONG_MEAN,0.0
BUREAU_AMT_CREDIT_MAX_OVERDUE_MIN,0.0
BUREAU_AMT_CREDIT_SUM_OVERDUE_SUM,0.0
BUREAU_AMT_CREDIT_SUM_OVERDUE_MIN,0.0
BUREAU_BUREAU_IS_OVERDUE_MEAN,0.0
BUREAU_BB_DPD_RATE_MIN,0.0
BUREAU_AMT_CREDIT_SUM_OVERDUE_MEAN,0.0
BUREAU_AMT_CREDIT_SUM_OVERDUE_MAX,0.0
CC_CNT_DRAWINGS_OTHER_CURRENT_MEAN,0.0
CC_CNT_DRAWINGS_OTHER_CURRENT_MAX,0.0
BUREAU_CREDIT_DAY_OVERDUE_MEAN,0.0
BUREAU_CREDIT_DAY_OVERDUE_MAX,0.0
BUREAU_CREDIT_DAY_OVERDUE_MIN,0.0
BUREAU_CREDIT_DAY_OVERDUE_SUM,0.0
CC_AMT_DRAWINGS_OTHER_CURRENT_MEAN,0.0
CC_AMT_DRAWINGS_OTHER_CURRENT_MAX,0.0
